{
  "1_intro": {
    "sounds": [{
      "name" : "music:1_intro",
      "stream" : true
    }]
  },
  "1_intro_hold": {
    "sounds": [{
      "name" : "music:1_intro_hold",
      "stream" : true
    }]
  },
  "1_go": {
    "sounds": [{
      "name" : "music:1_go",
      "stream" : true
    }]
  },
  "1_loop_1_1": {
    "sounds": [{
      "name" : "music:1_loop_1_1",
      "stream" : true
    }]
  },
  "1_loop_1_2": {
    "sounds": [{
      "name" : "music:1_loop_1_2",
      "stream" : true
    }]
  },
  "1_loop_1_3": {
    "sounds": [{
      "name" : "music:1_loop_1_3",
      "stream" : true
    }]
  },
  "2_intro": {
    "sounds": [{
      "name" : "music:2_intro",
      "stream" : true
    }]
  },
  "2_intro_hold": {
    "sounds": [{
      "name" : "music:2_intro_hold",
      "stream" : true
    }]
  },
  "2_go": {
    "sounds": [{
      "name" : "music:2_go",
      "stream" : true
    }]
  },
  "2_loop_1_1": {
    "sounds": [{
      "name" : "music:2_loop_1_1",
      "stream" : true
    }]
  },
  "2_loop_2_1": {
    "sounds": [{
      "name" : "music:2_loop_2_1",
      "stream" : true
    }]
  },
  "2_loop_2_2": {
    "sounds": [{
      "name" : "music:2_loop_2_2",
      "stream" : true
    }]
  },
  "credits": {
    "sounds": [{
      "name" : "music:credits",
      "stream" : true
    }]
  }
}
